AssessmentIndDefinitionId,Errors,ExternalId__c,Id,RegulatoryCodeId
0euAq0000000UirIAE,,CCALA 26.1,0fMAq0000000EarMAE,0fCAq0000000FBxMAM
0euAq0000000UisIAE,,CCALA 26.5,0fMAq0000000EasMAE,0fCAq0000000FByMAM
0euAq0000000UitIAE,,CCALA 26.1.1.a ,0fMAq0000000EatMAE,0fCAq0000000FBzMAM
0euAq0000000UiuIAE,,CCALA 26.1.1.b ,0fMAq0000000EauMAE,0fCAq0000000FC0MAM
0euAq0000000UivIAE,,CCALA 26.1.1.c ,0fMAq0000000EavMAE,0fCAq0000000FC1MAM
0euAq0000000UiwIAE,,CCALA 26.1.1.d ,0fMAq0000000EawMAE,0fCAq0000000FC2MAM
0euAq0000000UixIAE,,S 15.1.a,0fMAq0000000EaxMAE,0fCAq0000000FC3MAM
0euAq0000000UiyIAE,,S 15.1.b,0fMAq0000000EayMAE,0fCAq0000000FC4MAM
0euAq0000000UizIAE,,S 15.2.a,0fMAq0000000EazMAE,0fCAq0000000FC5MAM
0euAq0000000Uj0IAE,,S 15.2.b,0fMAq0000000Eb0MAE,0fCAq0000000FC6MAM
0euAq0000000Uj1IAE,,S 16.1,0fMAq0000000Eb1MAE,0fCAq0000000FC7MAM
0euAq0000000Uj2IAE,,S 16.2,0fMAq0000000Eb2MAE,0fCAq0000000FC8MAM
0euAq0000000Uj3IAE,,S 17.1.a,0fMAq0000000Eb3MAE,0fCAq0000000FC9MAM
0euAq0000000Uj4IAE,,S 17.1.b,0fMAq0000000Eb4MAE,0fCAq0000000FCAMA2
0euAq0000000Uj5IAE,,S 17.1.c ,0fMAq0000000Eb5MAE,0fCAq0000000FCBMA2
0euAq0000000Uj6IAE,,S 17.1.d,0fMAq0000000Eb6MAE,0fCAq0000000FCCMA2
0euAq0000000Uj7IAE,,S 17.2,0fMAq0000000Eb7MAE,0fCAq0000000FCDMA2
0euAq0000000Uj8IAE,,S 17.3.a ,0fMAq0000000Eb8MAE,0fCAq0000000FCEMA2
0euAq0000000Uj9IAE,,S 17.3.b ,0fMAq0000000Eb9MAE,0fCAq0000000FCFMA2
0euAq0000000UjAIAU,,S 18.1.a ,0fMAq0000000EbAMAU,0fCAq0000000FCGMA2
0euAq0000000UjBIAU,,S 18.1.b ,0fMAq0000000EbBMAU,0fCAq0000000FCHMA2
0euAq0000000UjCIAU,,S 18.1.c ,0fMAq0000000EbCMAU,0fCAq0000000FCIMA2
0euAq0000000UjDIAU,,S 18.2.a ,0fMAq0000000EbDMAU,0fCAq0000000FCJMA2
0euAq0000000UjEIAU,,S 18.2.b ,0fMAq0000000EbEMAU,0fCAq0000000FCKMA2
0euAq0000000UjFIAU,,S 19.1 ,0fMAq0000000EbFMAU,0fCAq0000000FCLMA2
0euAq0000000UjGIAU,,S 19.2 ,0fMAq0000000EbGMAU,0fCAq0000000FCMMA2
0euAq0000000UjHIAU,,S 19.3.a ,0fMAq0000000EbHMAU,0fCAq0000000FCNMA2
0euAq0000000UjIIAU,,S 19.3.b ,0fMAq0000000EbIMAU,0fCAq0000000FCOMA2
0euAq0000000UjJIAU,,S 19.4 ,0fMAq0000000EbJMAU,0fCAq0000000FCPMA2
0euAq0000000UjKIAU,,S 19.5 ,0fMAq0000000EbKMAU,0fCAq0000000FCQMA2
0euAq0000000UjLIAU,,S 20.1.a ,0fMAq0000000EbLMAU,0fCAq0000000FCRMA2
0euAq0000000UjMIAU,,S 20.1.b ,0fMAq0000000EbMMAU,0fCAq0000000FCSMA2
0euAq0000000UjNIAU,,S 21.1.a ,0fMAq0000000EbNMAU,0fCAq0000000FCTMA2
0euAq0000000UjOIAU,,S 21.1.b ,0fMAq0000000EbOMAU,0fCAq0000000FCUMA2
0euAq0000000UjPIAU,,S 22.1.a.i ,0fMAq0000000EbPMAU,0fCAq0000000FCVMA2
0euAq0000000UjQIAU,,S 22.1.a.ii ,0fMAq0000000EbQMAU,0fCAq0000000FCWMA2
0euAq0000000UjRIAU,,S 22.1.a.iii ,0fMAq0000000EbRMAU,0fCAq0000000FCXMA2
0euAq0000000UjSIAU,,S 22.1.a.iv ,0fMAq0000000EbSMAU,0fCAq0000000FCYMA2
0euAq0000000UjTIAU,,S 22.1.b.i ,0fMAq0000000EbTMAU,0fCAq0000000FCZMA2
0euAq0000000UjUIAU,,S 22.1.b.ii ,0fMAq0000000EbUMAU,0fCAq0000000FCaMAM
0euAq0000000UjVIAU,,S 22.1.b.iii ,0fMAq0000000EbVMAU,0fCAq0000000FCbMAM
0euAq0000000UjWIAU,,S 22.2.a ,0fMAq0000000EbWMAU,0fCAq0000000FCcMAM
0euAq0000000UjXIAU,,S 22.2.b ,0fMAq0000000EbXMAU,0fCAq0000000FCdMAM
0euAq0000000UjYIAU,,S 22.2.c.i ,0fMAq0000000EbYMAU,0fCAq0000000FCeMAM
0euAq0000000UjZIAU,,S 22.2.c.ii ,0fMAq0000000EbZMAU,0fCAq0000000FCfMAM
0euAq0000000UjaIAE,,S 22.2.c.iii ,0fMAq0000000EbaMAE,0fCAq0000000FCgMAM
0euAq0000000UjbIAE,,S 22.3.a ,0fMAq0000000EbbMAE,0fCAq0000000FChMAM
0euAq0000000UjcIAE,,S 22.3.b ,0fMAq0000000EbcMAE,0fCAq0000000FCiMAM
0euAq0000000UjdIAE,,S 22.3.c ,0fMAq0000000EbdMAE,0fCAq0000000FCjMAM
0euAq0000000UjeIAE,,S 22.4 ,0fMAq0000000EbeMAE,0fCAq0000000FCkMAM
0euAq0000000UjfIAE,,S 23.1a ,0fMAq0000000EbfMAE,0fCAq0000000FClMAM
0euAq0000000UjgIAE,,S 23.1b ,0fMAq0000000EbgMAE,0fCAq0000000FCmMAM
0euAq0000000UjhIAE,,S 23.1c ,0fMAq0000000EbhMAE,0fCAq0000000FCnMAM
0euAq0000000UjiIAE,,S 23.1d ,0fMAq0000000EbiMAE,0fCAq0000000FCoMAM
0euAq0000000UjjIAE,,S 23.2a ,0fMAq0000000EbjMAE,0fCAq0000000FCpMAM
0euAq0000000UjkIAE,,S 23.2b.i ,0fMAq0000000EbkMAE,0fCAq0000000FCqMAM
0euAq0000000UjlIAE,,S 23.2b.ii ,0fMAq0000000EblMAE,0fCAq0000000FCrMAM
0euAq0000000UjmIAE,,S 23.2b.iii ,0fMAq0000000EbmMAE,0fCAq0000000FCsMAM
0euAq0000000UjnIAE,,S 24.1.a,0fMAq0000000EbnMAE,0fCAq0000000FCtMAM
0euAq0000000UjoIAE,,S 24.1.b,0fMAq0000000EboMAE,0fCAq0000000FCuMAM
0euAq0000000UjpIAE,,S 24.2,0fMAq0000000EbpMAE,0fCAq0000000FCvMAM
0euAq0000000UjqIAE,,S 24.3,0fMAq0000000EbqMAE,0fCAq0000000FCwMAM
0euAq0000000UjrIAE,,S 25.1.a ,0fMAq0000000EbrMAE,0fCAq0000000FCxMAM
0euAq0000000UjsIAE,,S 25.1.b ,0fMAq0000000EbsMAE,0fCAq0000000FCyMAM
0euAq0000000UjtIAE,,S 25.1.c ,0fMAq0000000EbtMAE,0fCAq0000000FCzMAM
0euAq0000000UjuIAE,,S 25.1.d ,0fMAq0000000EbuMAE,0fCAq0000000FD0MAM
0euAq0000000UjvIAE,,S 25.2.a ,0fMAq0000000EbvMAE,0fCAq0000000FD1MAM
0euAq0000000UjwIAE,,S 25.2.b ,0fMAq0000000EbwMAE,0fCAq0000000FD2MAM
0euAq0000000UjxIAE,,S 25.3 ,0fMAq0000000EbxMAE,0fCAq0000000FD3MAM
0euAq0000000UjyIAE,,S 26.1 ,0fMAq0000000EbyMAE,0fCAq0000000FD4MAM
0euAq0000000UjzIAE,,S 26.2 ,0fMAq0000000EbzMAE,0fCAq0000000FD5MAM
0euAq0000000Uk0IAE,,S 26.3 ,0fMAq0000000Ec0MAE,0fCAq0000000FD6MAM
0euAq0000000Uk1IAE,,S 26.4.a.i ,0fMAq0000000Ec1MAE,0fCAq0000000FD7MAM
0euAq0000000Uk2IAE,,S 26.4.a.ii ,0fMAq0000000Ec2MAE,0fCAq0000000FD8MAM
0euAq0000000Uk3IAE,,S 26.4.b ,0fMAq0000000Ec3MAE,0fCAq0000000FD9MAM
0euAq0000000Uk4IAE,,S 26.5 ,0fMAq0000000Ec4MAE,0fCAq0000000FDAMA2
0euAq0000000Uk5IAE,,S 27.1 ,0fMAq0000000Ec5MAE,0fCAq0000000FDBMA2
0euAq0000000Uk6IAE,,S 27.2 ,0fMAq0000000Ec6MAE,0fCAq0000000FDCMA2
0euAq0000000Uk7IAE,,S 28.1.a ,0fMAq0000000Ec7MAE,0fCAq0000000FDDMA2
0euAq0000000Uk8IAE,,S 28.1.b ,0fMAq0000000Ec8MAE,0fCAq0000000FDEMA2
0euAq0000000Uk9IAE,,S 28.2 ,0fMAq0000000Ec9MAE,0fCAq0000000FDFMA2
0euAq0000000UkAIAU,,S 28.3.a ,0fMAq0000000EcAMAU,0fCAq0000000FDGMA2
0euAq0000000UkBIAU,,S 28.3.b ,0fMAq0000000EcBMAU,0fCAq0000000FDHMA2
0euAq0000000UkCIAU,,S 28.3.c ,0fMAq0000000EcCMAU,0fCAq0000000FDIMA2
0euAq0000000UkDIAU,,S 29.1.a ,0fMAq0000000EcDMAU,0fCAq0000000FDJMA2
0euAq0000000UkEIAU,,S 29.1.b ,0fMAq0000000EcEMAU,0fCAq0000000FDKMA2
0euAq0000000UkFIAU,,S 29.1.c.i ,0fMAq0000000EcFMAU,0fCAq0000000FDLMA2
0euAq0000000UkGIAU,,S 29.1.c.ii ,0fMAq0000000EcGMAU,0fCAq0000000FDMMA2
0euAq0000000UkHIAU,,S 30.1.a ,0fMAq0000000EcHMAU,0fCAq0000000FDNMA2
0euAq0000000UkIIAU,,S 30.1.b ,0fMAq0000000EcIMAU,0fCAq0000000FDOMA2
0euAq0000000UkJIAU,,S 30.1.c ,0fMAq0000000EcJMAU,0fCAq0000000FDPMA2
0euAq0000000UkKIAU,,S 30.1.d ,0fMAq0000000EcKMAU,0fCAq0000000FDQMA2
0euAq0000000UkLIAU,,S 30.1.e ,0fMAq0000000EcLMAU,0fCAq0000000FDRMA2
0euAq0000000UkMIAU,,S 30.1.f ,0fMAq0000000EcMMAU,0fCAq0000000FDSMA2
0euAq0000000UkNIAU,,S 31.1 ,0fMAq0000000EcNMAU,0fCAq0000000FDTMA2
0euAq0000000UkOIAU,,S 31.2 ,0fMAq0000000EcOMAU,0fCAq0000000FDUMA2
0euAq0000000UkPIAU,,S 31.3.a ,0fMAq0000000EcPMAU,0fCAq0000000FDVMA2
0euAq0000000UkQIAU,,S 31.3.b ,0fMAq0000000EcQMAU,0fCAq0000000FDWMA2
0euAq0000000UkRIAU,,S 31.4.a ,0fMAq0000000EcRMAU,0fCAq0000000FDXMA2
0euAq0000000UkSIAU,,S 31.4.b ,0fMAq0000000EcSMAU,0fCAq0000000FDYMA2
0euAq0000000UkTIAU,,S 32.1 ,0fMAq0000000EcTMAU,0fCAq0000000FDZMA2
0euAq0000000UkUIAU,,S 33.1.a ,0fMAq0000000EcUMAU,0fCAq0000000FDaMAM
0euAq0000000UkVIAU,,S 33.1.b.i ,0fMAq0000000EcVMAU,0fCAq0000000FDbMAM
0euAq0000000UkWIAU,,S 33.1.b.ii ,0fMAq0000000EcWMAU,0fCAq0000000FDcMAM
0euAq0000000UkXIAU,,S 33.1.b.iii ,0fMAq0000000EcXMAU,0fCAq0000000FDdMAM
0euAq0000000UkYIAU,,S 33.1.c ,0fMAq0000000EcYMAU,0fCAq0000000FDeMAM
0euAq0000000UkZIAU,,S 33.2.a ,0fMAq0000000EcZMAU,0fCAq0000000FDfMAM
0euAq0000000UkaIAE,,S 33.2.b ,0fMAq0000000EcaMAE,0fCAq0000000FDgMAM
0euAq0000000UkbIAE,,S 33.3.a.i ,0fMAq0000000EcbMAE,0fCAq0000000FDhMAM
0euAq0000000UkcIAE,,S 33.3.a.ii ,0fMAq0000000EccMAE,0fCAq0000000FDiMAM
0euAq0000000UkdIAE,,S 33.3.b ,0fMAq0000000EcdMAE,0fCAq0000000FDjMAM
0euAq0000000UkeIAE,,S 33.4 ,0fMAq0000000EceMAE,0fCAq0000000FDkMAM
0euAq0000000UkfIAE,,S 33.5.a ,0fMAq0000000EcfMAE,0fCAq0000000FDlMAM
0euAq0000000UkgIAE,,S 33.5.b ,0fMAq0000000EcgMAE,0fCAq0000000FDmMAM
0euAq0000000UkhIAE,,S 34.1 ,0fMAq0000000EchMAE,0fCAq0000000FDnMAM
0euAq0000000UkiIAE,,S 34.2 ,0fMAq0000000EciMAE,0fCAq0000000FDoMAM
0euAq0000000UkjIAE,,S 35.1.a ,0fMAq0000000EcjMAE,0fCAq0000000FDpMAM
0euAq0000000UkkIAE,,S 35.1.b ,0fMAq0000000EckMAE,0fCAq0000000FDqMAM
0euAq0000000UklIAE,,S 35.1.c ,0fMAq0000000EclMAE,0fCAq0000000FDrMAM
0euAq0000000UkmIAE,,S 35.1.d ,0fMAq0000000EcmMAE,0fCAq0000000FDsMAM
0euAq0000000UknIAE,,S 35.1.e.i ,0fMAq0000000EcnMAE,0fCAq0000000FDtMAM
0euAq0000000UkoIAE,,S 35.1.e.ii ,0fMAq0000000EcoMAE,0fCAq0000000FDuMAM
0euAq0000000UkpIAE,,S 35.2 ,0fMAq0000000EcpMAE,0fCAq0000000FDvMAM
0euAq0000000UkqIAE,,S 35.3 ,0fMAq0000000EcqMAE,0fCAq0000000FDwMAM
0euAq0000000UkrIAE,,S 36.1 ,0fMAq0000000EcrMAE,0fCAq0000000FDxMAM
0euAq0000000UksIAE,,S 37.1.a ,0fMAq0000000EcsMAE,0fCAq0000000FDyMAM
0euAq0000000UktIAE,,S 37.1.b ,0fMAq0000000EctMAE,0fCAq0000000FDzMAM
0euAq0000000UkuIAE,,S 38.1.a ,0fMAq0000000EcuMAE,0fCAq0000000FE0MAM
0euAq0000000UkvIAE,,S 38.1.b ,0fMAq0000000EcvMAE,0fCAq0000000FE1MAM
0euAq0000000UkwIAE,,S 38.2.a ,0fMAq0000000EcwMAE,0fCAq0000000FE2MAM
0euAq0000000UkxIAE,,S 38.2.b ,0fMAq0000000EcxMAE,0fCAq0000000FE3MAM
0euAq0000000UkyIAE,,S 38.2.c.i ,0fMAq0000000EcyMAE,0fCAq0000000FE4MAM
0euAq0000000UkzIAE,,S 38.2.c.ii ,0fMAq0000000EczMAE,0fCAq0000000FE5MAM
0euAq0000000Ul0IAE,,S 38.2.d ,0fMAq0000000Ed0MAE,0fCAq0000000FE6MAM
0euAq0000000Ul1IAE,,S 38.2.e ,0fMAq0000000Ed1MAE,0fCAq0000000FE7MAM
0euAq0000000Ul2IAE,,S 39.1 ,0fMAq0000000Ed2MAE,0fCAq0000000FE8MAM
0euAq0000000Ul3IAE,,S 39.2 ,0fMAq0000000Ed3MAE,0fCAq0000000FE9MAM
0euAq0000000Ul4IAE,,S 40.1.a ,0fMAq0000000Ed4MAE,0fCAq0000000FEAMA2
0euAq0000000Ul5IAE,,S 40.1.b ,0fMAq0000000Ed5MAE,0fCAq0000000FEBMA2
0euAq0000000Ul6IAE,,S 40.2.a ,0fMAq0000000Ed6MAE,0fCAq0000000FECMA2
0euAq0000000Ul7IAE,,S 40.2.b ,0fMAq0000000Ed7MAE,0fCAq0000000FEDMA2
0euAq0000000Ul8IAE,,S 40.2.c ,0fMAq0000000Ed8MAE,0fCAq0000000FEEMA2
0euAq0000000Ul9IAE,,S 41.1 ,0fMAq0000000Ed9MAE,0fCAq0000000FEFMA2
0euAq0000000UlAIAU,,S 41.2 ,0fMAq0000000EdAMAU,0fCAq0000000FEGMA2
0euAq0000000UlBIAU,,S 42.1.a ,0fMAq0000000EdBMAU,0fCAq0000000FEHMA2
0euAq0000000UlCIAU,,S 42.1.b ,0fMAq0000000EdCMAU,0fCAq0000000FEIMA2
0euAq0000000UlDIAU,,S 42.2 ,0fMAq0000000EdDMAU,0fCAq0000000FEJMA2
0euAq0000000UlEIAU,,S 43.1.a.i ,0fMAq0000000EdEMAU,0fCAq0000000FEKMA2
0euAq0000000UlFIAU,,S 43.1.a.ii ,0fMAq0000000EdFMAU,0fCAq0000000FELMA2
0euAq0000000UlGIAU,,S 43.1.a.iii ,0fMAq0000000EdGMAU,0fCAq0000000FEMMA2
0euAq0000000UlHIAU,,S 43.1.b ,0fMAq0000000EdHMAU,0fCAq0000000FENMA2
0euAq0000000UlIIAU,,S 43.2 ,0fMAq0000000EdIMAU,0fCAq0000000FEOMA2
0euAq0000000UlJIAU,,S 43.3.a ,0fMAq0000000EdJMAU,0fCAq0000000FEPMA2
0euAq0000000UlKIAU,,S 43.3.b ,0fMAq0000000EdKMAU,0fCAq0000000FEQMA2
0euAq0000000UlLIAU,,S 43.4.a ,0fMAq0000000EdLMAU,0fCAq0000000FERMA2
0euAq0000000UlMIAU,,S 43.4.b ,0fMAq0000000EdMMAU,0fCAq0000000FESMA2
0euAq0000000UlNIAU,,S 44.1.a ,0fMAq0000000EdNMAU,0fCAq0000000FETMA2
0euAq0000000UlOIAU,,S 44.1.b ,0fMAq0000000EdOMAU,0fCAq0000000FEUMA2
0euAq0000000UlPIAU,,S 44.2.a ,0fMAq0000000EdPMAU,0fCAq0000000FEVMA2
0euAq0000000UlQIAU,,S 44.2.b ,0fMAq0000000EdQMAU,0fCAq0000000FEWMA2
0euAq0000000UlRIAU,,S 44.2.c ,0fMAq0000000EdRMAU,0fCAq0000000FEXMA2
0euAq0000000UlSIAU,,S 44.3.a ,0fMAq0000000EdSMAU,0fCAq0000000FEYMA2
0euAq0000000UlTIAU,,S 44.3.b.i ,0fMAq0000000EdTMAU,0fCAq0000000FEZMA2
0euAq0000000UlUIAU,,S 44.3.b.ii ,0fMAq0000000EdUMAU,0fCAq0000000FEaMAM
0euAq0000000UlVIAU,,S 44.3.c ,0fMAq0000000EdVMAU,0fCAq0000000FEbMAM
0euAq0000000UlWIAU,,S 44.3.d ,0fMAq0000000EdWMAU,0fCAq0000000FEcMAM
0euAq0000000UlXIAU,,S 44.3.e ,0fMAq0000000EdXMAU,0fCAq0000000FEdMAM
0euAq0000000UlYIAU,,S 45.1.a ,0fMAq0000000EdYMAU,0fCAq0000000FEeMAM
0euAq0000000UlZIAU,,S 45.1.b ,0fMAq0000000EdZMAU,0fCAq0000000FEfMAM
0euAq0000000UlaIAE,,S 45.1.c ,0fMAq0000000EdaMAE,0fCAq0000000FEgMAM
0euAq0000000UlbIAE,,S 45.1.d ,0fMAq0000000EdbMAE,0fCAq0000000FEhMAM
0euAq0000000UlcIAE,,S 45.2.a ,0fMAq0000000EdcMAE,0fCAq0000000FEiMAM
0euAq0000000UldIAE,,S 45.2.b.i ,0fMAq0000000EddMAE,0fCAq0000000FEjMAM
0euAq0000000UleIAE,,S 45.2.b.ii ,0fMAq0000000EdeMAE,0fCAq0000000FEkMAM
0euAq0000000UlfIAE,,S 45.3.a ,0fMAq0000000EdfMAE,0fCAq0000000FElMAM
0euAq0000000UlgIAE,,S 45.3.b ,0fMAq0000000EdgMAE,0fCAq0000000FEmMAM
0euAq0000000UlhIAE,,S 45.3.c.i ,0fMAq0000000EdhMAE,0fCAq0000000FEnMAM
0euAq0000000UliIAE,,S 45.3.c.ii ,0fMAq0000000EdiMAE,0fCAq0000000FEoMAM
0euAq0000000UljIAE,,S 45.3.c.iii ,0fMAq0000000EdjMAE,0fCAq0000000FEpMAM
0euAq0000000UlkIAE,,S 46.1.a ,0fMAq0000000EdkMAE,0fCAq0000000FEqMAM
0euAq0000000UllIAE,,S 46.1.b.i ,0fMAq0000000EdlMAE,0fCAq0000000FErMAM
0euAq0000000UlmIAE,,S 46.1.b.ii ,0fMAq0000000EdmMAE,0fCAq0000000FEsMAM
0euAq0000000UlnIAE,,S 46.1.c ,0fMAq0000000EdnMAE,0fCAq0000000FEtMAM
0euAq0000000UloIAE,,S 47.1.a ,0fMAq0000000EdoMAE,0fCAq0000000FEuMAM
0euAq0000000UlpIAE,,S 47.1.b ,0fMAq0000000EdpMAE,0fCAq0000000FEvMAM
0euAq0000000UlqIAE,,S 48.1 ,0fMAq0000000EdqMAE,0fCAq0000000FEwMAM
0euAq0000000UlrIAE,,S 48.2.a ,0fMAq0000000EdrMAE,0fCAq0000000FExMAM
0euAq0000000UlsIAE,,S 48.2.b ,0fMAq0000000EdsMAE,0fCAq0000000FEyMAM
0euAq0000000UltIAE,,S 48.2.c ,0fMAq0000000EdtMAE,0fCAq0000000FEzMAM
0euAq0000000UluIAE,,S 48.3.a ,0fMAq0000000EduMAE,0fCAq0000000FF0MAM
0euAq0000000UlvIAE,,S 48.3.b ,0fMAq0000000EdvMAE,0fCAq0000000FF1MAM
0euAq0000000UlwIAE,,S 48.4.a ,0fMAq0000000EdwMAE,0fCAq0000000FF2MAM
0euAq0000000UlxIAE,,S 48.4.b ,0fMAq0000000EdxMAE,0fCAq0000000FF3MAM
0euAq0000000UlyIAE,,S 49.1 ,0fMAq0000000EdyMAE,0fCAq0000000FF4MAM
0euAq0000000UlzIAE,,S 49.2 ,0fMAq0000000EdzMAE,0fCAq0000000FF5MAM
0euAq0000000Um0IAE,,S 49.3 ,0fMAq0000000Ee0MAE,0fCAq0000000FF6MAM
0euAq0000000Um1IAE,,S 49.4 ,0fMAq0000000Ee1MAE,0fCAq0000000FF7MAM
0euAq0000000Um2IAE,,S 50.1 ,0fMAq0000000Ee2MAE,0fCAq0000000FF8MAM
0euAq0000000Um3IAE,,S 51.1.a ,0fMAq0000000Ee3MAE,0fCAq0000000FF9MAM
0euAq0000000Um4IAE,,S 51.1.b ,0fMAq0000000Ee4MAE,0fCAq0000000FFAMA2
0euAq0000000Um5IAE,,S 51.2.a ,0fMAq0000000Ee5MAE,0fCAq0000000FFBMA2
0euAq0000000Um6IAE,,S 51.2.b.i ,0fMAq0000000Ee6MAE,0fCAq0000000FFCMA2
0euAq0000000Um7IAE,,S 51.2.b.ii ,0fMAq0000000Ee7MAE,0fCAq0000000FFDMA2
0euAq0000000Um8IAE,,S 51.2.b.iii ,0fMAq0000000Ee8MAE,0fCAq0000000FFEMA2
0euAq0000000Um9IAE,,S 51.2.c ,0fMAq0000000Ee9MAE,0fCAq0000000FFFMA2
0euAq0000000UmAIAU,,S 52.1 ,0fMAq0000000EeAMAU,0fCAq0000000FFGMA2
0euAq0000000UmBIAU,,S 53.1.a ,0fMAq0000000EeBMAU,0fCAq0000000FFHMA2
0euAq0000000UmCIAU,,S 53.1.b ,0fMAq0000000EeCMAU,0fCAq0000000FFIMA2
0euAq0000000UmDIAU,,S 53.2 ,0fMAq0000000EeDMAU,0fCAq0000000FFJMA2
0euAq0000000UmEIAU,,S 54.1.a ,0fMAq0000000EeEMAU,0fCAq0000000FFKMA2
0euAq0000000UmFIAU,,S 54.1.b ,0fMAq0000000EeFMAU,0fCAq0000000FFLMA2
0euAq0000000UmGIAU,,S 55.1 ,0fMAq0000000EeGMAU,0fCAq0000000FFMMA2
0euAq0000000UmHIAU,,S 55.2.a ,0fMAq0000000EeHMAU,0fCAq0000000FFNMA2
0euAq0000000UmIIAU,,S 55.2.b ,0fMAq0000000EeIMAU,0fCAq0000000FFOMA2
0euAq0000000UmJIAU,,S 55.2.c ,0fMAq0000000EeJMAU,0fCAq0000000FFPMA2
0euAq0000000UmKIAU,,S 55.3.a ,0fMAq0000000EeKMAU,0fCAq0000000FFQMA2
0euAq0000000UmLIAU,,S 55.3.b.i ,0fMAq0000000EeLMAU,0fCAq0000000FFRMA2
0euAq0000000UmMIAU,,S 55.3.b.ii ,0fMAq0000000EeMMAU,0fCAq0000000FFSMA2
0euAq0000000UmNIAU,,S 55.4.a ,0fMAq0000000EeNMAU,0fCAq0000000FFTMA2
0euAq0000000UmOIAU,,S 55.4.b ,0fMAq0000000EeOMAU,0fCAq0000000FFUMA2
0euAq0000000UmPIAU,,S 56.1.a ,0fMAq0000000EePMAU,0fCAq0000000FFVMA2
0euAq0000000UmQIAU,,S 56.1.b ,0fMAq0000000EeQMAU,0fCAq0000000FFWMA2
0euAq0000000UmRIAU,,S 56.1.c ,0fMAq0000000EeRMAU,0fCAq0000000FFXMA2
0euAq0000000UmSIAU,,S 56.2 ,0fMAq0000000EeSMAU,0fCAq0000000FFYMA2
0euAq0000000UmTIAU,,S 56.3 ,0fMAq0000000EeTMAU,0fCAq0000000FFZMA2
0euAq0000000UmUIAU,,S 56.4.a ,0fMAq0000000EeUMAU,0fCAq0000000FFaMAM
0euAq0000000UmVIAU,,S 56.4.b ,0fMAq0000000EeVMAU,0fCAq0000000FFbMAM
0euAq0000000UmWIAU,,S 56.4.c ,0fMAq0000000EeWMAU,0fCAq0000000FFcMAM
0euAq0000000UmXIAU,,S 57.1.a ,0fMAq0000000EeXMAU,0fCAq0000000FFdMAM
0euAq0000000UmYIAU,,S 57.1.b ,0fMAq0000000EeYMAU,0fCAq0000000FFeMAM
0euAq0000000UmZIAU,,S 58.1 ,0fMAq0000000EeZMAU,0fCAq0000000FFfMAM
0euAq0000000UmaIAE,,S 58.2 ,0fMAq0000000EeaMAE,0fCAq0000000FFgMAM
0euAq0000000UmbIAE,,S 58.3.a ,0fMAq0000000EebMAE,0fCAq0000000FFhMAM
0euAq0000000UmcIAE,,S 58.3.b ,0fMAq0000000EecMAE,0fCAq0000000FFiMAM
0euAq0000000UmdIAE,,S 58.4 ,0fMAq0000000EedMAE,0fCAq0000000FFjMAM
0euAq0000000UmeIAE,,S 59.1 ,0fMAq0000000EeeMAE,0fCAq0000000FFkMAM
0euAq0000000UmfIAE,,S 59.2 ,0fMAq0000000EefMAE,0fCAq0000000FFlMAM
0euAq0000000UmgIAE,,S 59.3 ,0fMAq0000000EegMAE,0fCAq0000000FFmMAM
0euAq0000000UmhIAE,,S 60.1.a ,0fMAq0000000EehMAE,0fCAq0000000FFnMAM
0euAq0000000UmiIAE,,S 60.1.b ,0fMAq0000000EeiMAE,0fCAq0000000FFoMAM
0euAq0000000UmjIAE,,S 61.1.a ,0fMAq0000000EejMAE,0fCAq0000000FFpMAM
0euAq0000000UmkIAE,,S 61.1.b ,0fMAq0000000EekMAE,0fCAq0000000FFqMAM
0euAq0000000UmlIAE,,S 61.2.a ,0fMAq0000000EelMAE,0fCAq0000000FFrMAM
0euAq0000000UmmIAE,,S 61.2.b ,0fMAq0000000EemMAE,0fCAq0000000FFsMAM
0euAq0000000UmnIAE,,S 61.3.a ,0fMAq0000000EenMAE,0fCAq0000000FFtMAM
0euAq0000000UmoIAE,,S 61.3.b ,0fMAq0000000EeoMAE,0fCAq0000000FFuMAM
0euAq0000000UmpIAE,,S 61.3.c ,0fMAq0000000EepMAE,0fCAq0000000FFvMAM
0euAq0000000UmqIAE,,S 61.3.d ,0fMAq0000000EeqMAE,0fCAq0000000FFwMAM
0euAq0000000UmrIAE,,S 61.4 ,0fMAq0000000EerMAE,0fCAq0000000FFxMAM
0euAq0000000UmsIAE,,S 61.5 ,0fMAq0000000EesMAE,0fCAq0000000FFyMAM
0euAq0000000UmtIAE,,S 62.1 ,0fMAq0000000EetMAE,0fCAq0000000FFzMAM
0euAq0000000UmuIAE,,S 63.1.a ,0fMAq0000000EeuMAE,0fCAq0000000FG0MAM
0euAq0000000UmvIAE,,S 63.1.b ,0fMAq0000000EevMAE,0fCAq0000000FG1MAM
0euAq0000000UmwIAE,,S 63.1.c ,0fMAq0000000EewMAE,0fCAq0000000FG2MAM
0euAq0000000UmxIAE,,S 63.1.d ,0fMAq0000000EexMAE,0fCAq0000000FG3MAM
0euAq0000000UmyIAE,,S 64.1.a ,0fMAq0000000EeyMAE,0fCAq0000000FG4MAM
0euAq0000000UmzIAE,,S 64.1.b ,0fMAq0000000EezMAE,0fCAq0000000FG5MAM
0euAq0000000Un0IAE,,S 64.2 ,0fMAq0000000Ef0MAE,0fCAq0000000FG6MAM
0euAq0000000Un1IAE,,S 64.3 ,0fMAq0000000Ef1MAE,0fCAq0000000FG7MAM
0euAq0000000Un2IAE,,S 64.4.a ,0fMAq0000000Ef2MAE,0fCAq0000000FG8MAM
0euAq0000000Un3IAE,,S 64.4.b ,0fMAq0000000Ef3MAE,0fCAq0000000FG9MAM
0euAq0000000Un4IAE,,S 65.1.a.i ,0fMAq0000000Ef4MAE,0fCAq0000000FGAMA2
0euAq0000000Un5IAE,,S 65.1.a.ii ,0fMAq0000000Ef5MAE,0fCAq0000000FGBMA2
0euAq0000000Un6IAE,,S 65.1.b ,0fMAq0000000Ef6MAE,0fCAq0000000FGCMA2
0euAq0000000Un7IAE,,S 65.1.c ,0fMAq0000000Ef7MAE,0fCAq0000000FGDMA2
0euAq0000000Un8IAE,,S 65.1.d.i ,0fMAq0000000Ef8MAE,0fCAq0000000FGEMA2
0euAq0000000Un9IAE,,S 65.1.d.ii ,0fMAq0000000Ef9MAE,0fCAq0000000FGFMA2
0euAq0000000UnAIAU,,S 65.1.d.iii ,0fMAq0000000EfAMAU,0fCAq0000000FGGMA2
0euAq0000000UnBIAU,,S 66.1 ,0fMAq0000000EfBMAU,0fCAq0000000FGHMA2
0euAq0000000UnCIAU,,S 67.1.a ,0fMAq0000000EfCMAU,0fCAq0000000FGIMA2
0euAq0000000UnDIAU,,S 67.1.b ,0fMAq0000000EfDMAU,0fCAq0000000FGJMA2
0euAq0000000UnEIAU,,S 67.2.a ,0fMAq0000000EfEMAU,0fCAq0000000FGKMA2
0euAq0000000UnFIAU,,S 67.2.b ,0fMAq0000000EfFMAU,0fCAq0000000FGLMA2
0euAq0000000UnGIAU,,S 67.2.c.i ,0fMAq0000000EfGMAU,0fCAq0000000FGMMA2
0euAq0000000UnHIAU,,S 67.2.c.ii ,0fMAq0000000EfHMAU,0fCAq0000000FGNMA2
0euAq0000000UnIIAU,,S 68.1.a ,0fMAq0000000EfIMAU,0fCAq0000000FGOMA2
0euAq0000000UnJIAU,,S 68.1.b ,0fMAq0000000EfJMAU,0fCAq0000000FGPMA2
0euAq0000000UnKIAU,,S 68.2 ,0fMAq0000000EfKMAU,0fCAq0000000FGQMA2
0euAq0000000UnLIAU,,S 69.1 ,0fMAq0000000EfLMAU,0fCAq0000000FGRMA2
0euAq0000000UnMIAU,,S 69.2.a.i ,0fMAq0000000EfMMAU,0fCAq0000000FGSMA2
0euAq0000000UnNIAU,,S 69.2.a.ii ,0fMAq0000000EfNMAU,0fCAq0000000FGTMA2
0euAq0000000UnOIAU,,S 69.2.b ,0fMAq0000000EfOMAU,0fCAq0000000FGUMA2
0euAq0000000UnPIAU,,S 69.2.c ,0fMAq0000000EfPMAU,0fCAq0000000FGVMA2
0euAq0000000UnQIAU,,S 69.3 ,0fMAq0000000EfQMAU,0fCAq0000000FGWMA2
0euAq0000000UnRIAU,,S 70.1.a ,0fMAq0000000EfRMAU,0fCAq0000000FGXMA2
0euAq0000000UnSIAU,,S 70.1.b ,0fMAq0000000EfSMAU,0fCAq0000000FGYMA2
0euAq0000000UnTIAU,,S 70.1.c ,0fMAq0000000EfTMAU,0fCAq0000000FGZMA2
0euAq0000000UnUIAU,,S 70.2.a ,0fMAq0000000EfUMAU,0fCAq0000000FGaMAM
0euAq0000000UnVIAU,,S 70.2.b ,0fMAq0000000EfVMAU,0fCAq0000000FGbMAM
0euAq0000000UnWIAU,,S 70.3 ,0fMAq0000000EfWMAU,0fCAq0000000FGcMAM
0euAq0000000UnXIAU,,S 71.1 ,0fMAq0000000EfXMAU,0fCAq0000000FGdMAM
0euAq0000000UnYIAU,,S 71.2 ,0fMAq0000000EfYMAU,0fCAq0000000FGeMAM
0euAq0000000UnZIAU,,S 71.3 ,0fMAq0000000EfZMAU,0fCAq0000000FGfMAM
0euAq0000000UnaIAE,,S 72.1.a ,0fMAq0000000EfaMAE,0fCAq0000000FGgMAM
0euAq0000000UnbIAE,,S 72.1.b ,0fMAq0000000EfbMAE,0fCAq0000000FGhMAM
0euAq0000000UncIAE,,S 72.1.c ,0fMAq0000000EfcMAE,0fCAq0000000FGiMAM
0euAq0000000UndIAE,,S 72.2.a.i ,0fMAq0000000EfdMAE,0fCAq0000000FGjMAM
0euAq0000000UneIAE,,S 72.2.a.ii ,0fMAq0000000EfeMAE,0fCAq0000000FGkMAM
0euAq0000000UnfIAE,,S 72.2.a.iii ,0fMAq0000000EffMAE,0fCAq0000000FGlMAM
0euAq0000000UngIAE,,S 72.2.b ,0fMAq0000000EfgMAE,0fCAq0000000FGmMAM
0euAq0000000UnhIAE,,S 72.2.c ,0fMAq0000000EfhMAE,0fCAq0000000FGnMAM
0euAq0000000UniIAE,,S 72.2.d ,0fMAq0000000EfiMAE,0fCAq0000000FGoMAM
0euAq0000000UnjIAE,,S 73.1.a ,0fMAq0000000EfjMAE,0fCAq0000000FGpMAM
0euAq0000000UnkIAE,,S 73.1.b ,0fMAq0000000EfkMAE,0fCAq0000000FGqMAM
0euAq0000000UnlIAE,,S 73.1.c ,0fMAq0000000EflMAE,0fCAq0000000FGrMAM
0euAq0000000UnmIAE,,S 73.1.d ,0fMAq0000000EfmMAE,0fCAq0000000FGsMAM
0euAq0000000UnnIAE,,S 73.2 ,0fMAq0000000EfnMAE,0fCAq0000000FGtMAM
0euAq0000000UnoIAE,,S 74.a ,0fMAq0000000EfoMAE,0fCAq0000000FGuMAM
0euAq0000000UnpIAE,,S.74.b ,0fMAq0000000EfpMAE,0fCAq0000000FGvMAM
0euAq0000000UnqIAE,,S. 75.  ,0fMAq0000000EfqMAE,0fCAq0000000FGwMAM
0euAq0000000UnrIAE,,S. 76.a ,0fMAq0000000EfrMAE,0fCAq0000000FGxMAM
0euAq0000000UnsIAE,,S. 76.b ,0fMAq0000000EfsMAE,0fCAq0000000FGyMAM
0euAq0000000UntIAE,,S. 76.c ,0fMAq0000000EftMAE,0fCAq0000000FGzMAM
0euAq0000000UnuIAE,,S. 76.d ,0fMAq0000000EfuMAE,0fCAq0000000FH0MAM
0euAq0000000UnvIAE,,S. 76.e ,0fMAq0000000EfvMAE,0fCAq0000000FH1MAM
0euAq0000000UnwIAE,,S. 76.f ,0fMAq0000000EfwMAE,0fCAq0000000FH2MAM
0euAq0000000UnxIAE,,S.77.a.i ,0fMAq0000000EfxMAE,0fCAq0000000FH3MAM
0euAq0000000UnyIAE,,S.77.a.ii ,0fMAq0000000EfyMAE,0fCAq0000000FH4MAM
0euAq0000000UnzIAE,,S.77.a.iii ,0fMAq0000000EfzMAE,0fCAq0000000FH5MAM
0euAq0000000Uo0IAE,,S. 77. b ,0fMAq0000000Eg0MAE,0fCAq0000000FH6MAM
0euAq0000000Uo1IAE,,S. 78. 1 ,0fMAq0000000Eg1MAE,0fCAq0000000FH7MAM
0euAq0000000Uo2IAE,,S. 78. 2 ,0fMAq0000000Eg2MAE,0fCAq0000000FH8MAM
0euAq0000000Uo3IAE,,S. 78. 3.a ,0fMAq0000000Eg3MAE,0fCAq0000000FH9MAM
0euAq0000000Uo4IAE,,S. 78. 3.b  ,0fMAq0000000Eg4MAE,0fCAq0000000FHAMA2
0euAq0000000Uo5IAE,,S. 78. 4 ,0fMAq0000000Eg5MAE,0fCAq0000000FHBMA2
0euAq0000000Uo6IAE,,S. 79 ,0fMAq0000000Eg6MAE,0fCAq0000000FHCMA2
0euAq0000000Uo7IAE,,S.31.1. Schedule C. 1.a ,0fMAq0000000Eg7MAE,0fCAq0000000FHDMA2
0euAq0000000Uo8IAE,,S.31.1. Schedule C. 1.b ,0fMAq0000000Eg8MAE,0fCAq0000000FHEMA2
0euAq0000000Uo9IAE,,S.31.1. Schedule C. 1.c ,0fMAq0000000Eg9MAE,0fCAq0000000FHFMA2
0euAq0000000UoAIAU,,S.31.1. Schedule C. 1.d ,0fMAq0000000EgAMAU,0fCAq0000000FHGMA2
0euAq0000000UoBIAU,,S.31.1. Schedule C. 2.a ,0fMAq0000000EgBMAU,0fCAq0000000FHHMA2
0euAq0000000UoCIAU,,S.31.1. Schedule C. 2.b ,0fMAq0000000EgCMAU,0fCAq0000000FHIMA2
0euAq0000000UoDIAU,,S.31.1. Schedule C. 3.a ,0fMAq0000000EgDMAU,0fCAq0000000FHJMA2
0euAq0000000UoEIAU,,S.31.1. Schedule C. 3.b ,0fMAq0000000EgEMAU,0fCAq0000000FHKMA2
0euAq0000000UoFIAU,,S.31.1. Schedule C. 3.c ,0fMAq0000000EgFMAU,0fCAq0000000FHLMA2
0euAq0000000UoGIAU,,S.31.1. Schedule C. 3.d ,0fMAq0000000EgGMAU,0fCAq0000000FHMMA2
0euAq0000000UoHIAU,,S.31.1. Schedule C. 3.e ,0fMAq0000000EgHMAU,0fCAq0000000FHNMA2
0euAq0000000UoIIAU,,S.31.1. Schedule C. 3.f ,0fMAq0000000EgIMAU,0fCAq0000000FHOMA2
0euAq0000000UoJIAU,,S.31.1. Schedule C. 3.g ,0fMAq0000000EgJMAU,0fCAq0000000FHPMA2
0euAq0000000UoKIAU,,S.31.1. Schedule C. 3.h ,0fMAq0000000EgKMAU,0fCAq0000000FHQMA2
0euAq0000000UoLIAU,,S.31.1.Schedule C. 3.i ,0fMAq0000000EgLMAU,0fCAq0000000FHRMA2
0euAq0000000UoMIAU,,S.31.1. Schedule C. 4.a ,0fMAq0000000EgMMAU,0fCAq0000000FHSMA2
0euAq0000000UoNIAU,,S.31.1. Schedule C. 4.b ,0fMAq0000000EgNMAU,0fCAq0000000FHTMA2
0euAq0000000UoOIAU,,S.31.1. Schedule C. 4.c ,0fMAq0000000EgOMAU,0fCAq0000000FHUMA2
0euAq0000000UoPIAU,,S.31.1. Schedule C. 4.d ,0fMAq0000000EgPMAU,0fCAq0000000FHVMA2
0euAq0000000UoQIAU,,S.31.1. Schedule C. 4.e ,0fMAq0000000EgQMAU,0fCAq0000000FHWMA2
0euAq0000000UoRIAU,,S.31.1. Schedule C. 4.f ,0fMAq0000000EgRMAU,0fCAq0000000FHXMA2
0euAq0000000UoSIAU,,S.31.1. Schedule C. 5.a ,0fMAq0000000EgSMAU,0fCAq0000000FHYMA2
0euAq0000000UoTIAU,,S.31.1. Schedule C. 5.b ,0fMAq0000000EgTMAU,0fCAq0000000FHZMA2
0euAq0000000UoUIAU,,S.31.1. Schedule C. 5.c ,0fMAq0000000EgUMAU,0fCAq0000000FHaMAM
0euAq0000000UoVIAU,,S.31.1. Schedule C. 6. a ,0fMAq0000000EgVMAU,0fCAq0000000FHbMAM
0euAq0000000UoWIAU,,S.31.1. Schedule C. 6.b.i ,0fMAq0000000EgWMAU,0fCAq0000000FHcMAM
0euAq0000000UoXIAU,,S.31.1. Schedule C. 6.b.ii ,0fMAq0000000EgXMAU,0fCAq0000000FHdMAM
0euAq0000000UoYIAU,,S.31.1. Schedule C. 6.c ,0fMAq0000000EgYMAU,0fCAq0000000FHeMAM
0euAq0000000UoZIAU,,S.33.1.a. Schedule D.1 ,0fMAq0000000EgZMAU,0fCAq0000000FHfMAM
0euAq0000000UoaIAE,,S.33.1.a. Schedule D.2 ,0fMAq0000000EgaMAE,0fCAq0000000FHgMAM
0euAq0000000UobIAE,,S.33.1.a. Schedule D. 1 ,0fMAq0000000EgbMAE,0fCAq0000000FHhMAM
0euAq0000000UocIAE,,S.33.1.a. Schedule D. 2 ,0fMAq0000000EgcMAE,0fCAq0000000FHiMAM
0euAq0000000UodIAE,,S.33.1.a. Schedule D. 3 ,0fMAq0000000EgdMAE,0fCAq0000000FHjMAM
0euAq0000000UoeIAE,,S.33.1.a. Schedule D. 4 ,0fMAq0000000EgeMAE,0fCAq0000000FHkMAM
0euAq0000000UofIAE,,S.51. Schedule E - aggression between residents,0fMAq0000000EgfMAE,0fCAq0000000FHlMAM
0euAq0000000UogIAE,,S.51. Schedule E - aggressive or unusual behaviour,0fMAq0000000EggMAE,0fCAq0000000FHmMAM
0euAq0000000UohIAE,,S.51. Schedule E - attempted suicide,0fMAq0000000EghMAE,0fCAq0000000FHnMAM
0euAq0000000UoiIAE,,S.51. Schedule E - choking,0fMAq0000000EgiMAE,0fCAq0000000FHoMAM
0euAq0000000UojIAE,,S.51. Schedule E - death,0fMAq0000000EgjMAE,0fCAq0000000FHpMAM
0euAq0000000UokIAE,,S.51. Schedule E - disease outbreak or occurrence,0fMAq0000000EgkMAE,0fCAq0000000FHqMAM
0euAq0000000UolIAE,,S.51. Schedule E - emotional abuse,0fMAq0000000EglMAE,0fCAq0000000FHrMAM
0euAq0000000UomIAE,,S.51. Schedule E - fall,0fMAq0000000EgmMAE,0fCAq0000000FHsMAM
0euAq0000000UonIAE,,S.51. Schedule E - financial abuse,0fMAq0000000EgnMAE,0fCAq0000000FHtMAM
0euAq0000000UooIAE,,S.51. Schedule E - food poisoning,0fMAq0000000EgoMAE,0fCAq0000000FHuMAM
0euAq0000000UopIAE,,S.51. Schedule E - medication error,0fMAq0000000EgpMAE,0fCAq0000000FHvMAM
0euAq0000000UoqIAE,,S.51. Schedule E - missing person,0fMAq0000000EgqMAE,0fCAq0000000FHwMAM
0euAq0000000UorIAE,,S.51. Schedule E - motor vehicle injury,0fMAq0000000EgrMAE,0fCAq0000000FHxMAM
0euAq0000000UosIAE,,S.51. Schedule E - neglect,0fMAq0000000EgsMAE,0fCAq0000000FHyMAM
0euAq0000000UotIAE,,S.51. Schedule E - other injury,0fMAq0000000EgtMAE,0fCAq0000000FHzMAM
0euAq0000000UouIAE,,S.51. Schedule E - overdose,0fMAq0000000EguMAE,0fCAq0000000FI0MAM
0euAq0000000UovIAE,,S.51. Schedule E - physical abuse,0fMAq0000000EgvMAE,0fCAq0000000FI1MAM
0euAq0000000UowIAE,,S.51. Schedule E - poisoning,0fMAq0000000EgwMAE,0fCAq0000000FI2MAM
0euAq0000000UoxIAE,,S.51. Schedule E - police call,0fMAq0000000EgxMAE,0fCAq0000000FI3MAM
0euAq0000000UoyIAE,,S.51. Schedule E - service delivery problem,0fMAq0000000EgyMAE,0fCAq0000000FI4MAM
0euAq0000000UozIAE,,S.51. Schedule E - sexual abuse,0fMAq0000000EgzMAE,0fCAq0000000FI5MAM
0euAq0000000Up0IAE,,S.51. Schedule E - unexpected illness,0fMAq0000000Eh0MAE,0fCAq0000000FI6MAM
